ID,Sub-ID,Discoverer,Date discovered,Solution
1,1,Corina Miner,,5554555b4444bbbaa34bb222aaa333222001a11337770000111888887776699999986666
1,2,Corina Miner,2014-02-16,555b5554bbb4444aa3bb4222aaa333222001a11337770000111888887776699999986666
1,3,Corina Miner,2018-10-01,5554555b4444bbbaa34222bbaaa333222001a11337770000111888887776699999986666
1,4,Corina Miner,2018-10-01,5554555b4444bbbaa34bb222aaa333002221a11330000777111888887776699999986666
1,5,Corina Miner,2018-10-01,555b5554bbb4444aa3bb4222aaa333002221a11330000777111888887776699999986666
1,6,Corina Miner,2018-10-01,5554555b4444bbb9934bb222998333222009988337770000888a111177766aaaaa116666
1,7,Corina Miner,2018-10-01,555b5554bbb4444993bb4222998333222009988337770000888a111177766aaaaa116666
1,8,Corina Miner,2018-10-01,5554555b4444bbb9934222bb998333222009988337770000888a111177766aaaaa116666
1,9,Corina Miner,2018-10-01,5554555b4444bbb9934bb222998333002229988330000777888a111177766aaaaa116666
1,10,Corina Miner,2018-10-01,555b5554bbb4444993bb4222998333002229988330000777888a111177766aaaaa116666
1,11,Corina Miner,2018-10-01,222222007770000aa3777555aaa3334555b1a11334444bbb111888884bb6699999986666
1,12,Corina Miner,2018-10-01,222222007770000aa3777555aaa333b55541a1133bbb444411188888bb46699999986666
1,13,Corina Miner,2018-10-01,222002220000777aa3777555aaa3334555b1a11334444bbb111888884bb6699999986666
1,14,Corina Miner,2018-10-01,222002220000777aa3777555aaa333b55541a1133bbb444411188888bb46699999986666
1,15,Corina Miner,2018-10-01,2222220077700009937775559983334555b9988334444bbb888a11114bb66aaaaa116666
1,16,Corina Miner,2018-10-01,222222007770000993777555998333b5554998833bbb4444888a1111bb466aaaaa116666
1,17,Corina Miner,2018-10-01,2220022200007779937775559983334555b9988334444bbb888a11114bb66aaaaa116666
1,18,Corina Miner,2018-10-01,222002220000777993777555998333b5554998833bbb4444888a1111bb466aaaaa116666
1,19,Corina Miner,2018-10-01,222222007770000aa3777555aaa333455561a11334444b66111888884bb669999998bbb6
1,20,Corina Miner,2018-10-01,222002220000777aa3777555aaa333455561a11334444b66111888884bb669999998bbb6
1,21,Corina Miner,2018-10-01,222222007770000993777555998333455569988334444b66888a11114bb66aaaaa11bbb6
1,22,Corina Miner,2018-10-01,222002220000777993777555998333455569988334444b66888a11114bb66aaaaa11bbb6
1,23,Corina Miner,2018-10-01,222222007770000aa3777555aaa333b55561a1133bbbbb66111888884446699999984446
1,24,Corina Miner,2018-10-01,222002220000777aa3777555aaa333b55561a1133bbbbb66111888884446699999984446
1,25,Corina Miner,2018-10-01,222222007770000993777555998333b5556998833bbbbb66888a111144466aaaaa114446
1,26,Corina Miner,2018-10-01,222002220000777993777555998333b5556998833bbbbb66888a111144466aaaaa114446
2,1,Corina Miner,,555b5559bbb0099bb30000991113332229a117133222aaa8667777444aa8866667444888
2,2,Corina Miner,2014-02-16,555b5559bbb0099bb30000996773332229a667733222aaa8667711444aa8861111444888
2,3,Corina Miner,2018-10-01,555b5559bbb0099bb30000991113332229611a1332227766aaaaa8444776688888444776
2,4,Corina Miner,2018-10-01,555b5559bbb0099bb30000998883332229688aa3322277668aaa114447766a1111444776
2,5,Corina Miner,2018-10-01,555b5559bbb0099bb30000991113332229611a1337722266aaaaa8774446688888774446
2,6,Corina Miner,2018-10-01,555b5559bbb0099bb30000998883332229688aa3377222668aaa117744466a1111774446
2,7,Corina Miner,2018-10-01,555b5559bbb0099bba0000998aaaaa222963888882227766333311444776631111444776
2,8,Corina Miner,2018-10-01,555b5559bbb0099bba0000998aaaaa222963888887722266333311774446631111774446
2,9,Corina Miner,2018-10-01,555b5559bbb0099bb70000997777662229a376666222aaa8333311444aa8831111444888
3,1,Corina Miner,,555055590003399b01033399bbb1132229abb7111222aaa8667777444aa8866667444888
4,1,Corina Miner,,88822288992228499555444499a555047763aaaaa00077663333110b0776631111bbbbb6
4,2,Corina Miner,2014-02-22,28822288992288499555444499a555047763aaaaa00077663333110b0776631111bbbbb6
5,1,Corina Miner,,88888111481101044446000b55549660bbba5559966777bbaaa9926233777aa922223333
6,1,Corina Miner,,992992229932211b33311114bbb3300444488abb0000477788aaa5557776688aa5556666
6,2,Corina Miner,2016-01-26,992992229932211b33311114bbb33004444777bb00004a8866777555aaa886666555aa88
7,1,Corina Miner,,88822288002228700007777b6666a7bbbbb664aaaaa33555444411333355541111999999
7,2,Corina Miner,2015-12-22,28822288002288700007777b6666a7bbbbb664aaaaa33555444411333355541111999999
8,1,Corina Miner,,5550555a000aaa82020aa88b322228881bb3333744411bbb377774441116679999996666
8,2,Yuta Takagi,2014-02-16,222002220000a88555aaa88b3555aa881bb3333744411bbb377774441116679999996666
9,1,Corina Miner,,2220022200001119977b1a1199877bbaaa6998877bbbaa66888335554446633335554446
9,2,Corina Miner,2018-10-02,222002220000111997711a1b99877aaabb6998877aabbb66888335554446633335554446
9,3,Corina Miner,2018-10-02,2220022200001113377b1a1133377bbaaa6555377bbbaa66555888884446699999984446
9,4,Corina Miner,2018-10-02,222002220000111337711a1b33377aaabb6555377aabbb66555888884446699999984446
9,5,Corina Miner,2018-10-02,2220022200001113333b1a1177733bbaaa6555777bbbaa66555888884446699999984446
9,6,Corina Miner,2018-10-02,222002220000111333311a1b77733aaabb6555777aabbb66555888884446699999984446
9,7,Corina Miner,2018-10-02,2220022200005559977b555399877bb3336998877bbb3366888a111144466aaaaa114446
9,8,Corina Miner,2018-10-02,22200222000055599773555b99877333bb699887733bbb66888a111144466aaaaa114446
9,9,Corina Miner,2018-10-02,222002220000555aa77b5553aaa77bb33361a1177bbb3366111888884446699999984446
9,10,Corina Miner,2018-10-02,222002220000555aa773555baaa77333bb61a117733bbb66111888884446699999984446
9,11,Corina Miner,2018-10-02,22200222000055599777555b99833777bb699883333bbb66888a111144466aaaaa114446
9,12,Corina Miner,2018-10-02,222002220000555aa777555baaa33777bb61a113333bbb66111888884446699999984446
10,1,Corina Miner,,2221122271111004777700004444b7666635554bb66a3333555bbbaaaaa8399999988888
10,2,Corina Miner,2014-02-19,2221122271111004777700004444b7633335554bb6633a88555bbb66aaa889999996aa88
10,3,Corina Miner,2014-02-19,2221122271111004777700004444b7338885554bb333aa88555bbb663aaa89999996666a
10,4,Corina Miner,2014-02-19,2221122271111004777700004444b7888885554bb38aaaaa555bbb3333a6699999936666
10,5,Corina Miner,2014-02-19,2221122271111004777700004444b788aa65554bb88aaa66555bbb88a336699999933336
10,6,Corina Miner,2014-02-19,2221122271111004777700004444b7a66665554bb8aaa366555bbb88aa33399999988833
10,7,Corina Miner,2014-02-19,2221122271111004777700004444b76666a5554bb663aaa8555bbb333aa8899999933888
10,8,Corina Miner,2014-02-19,2221122271111004777700004444b76aa885554bb66aaa88555bbb6633a8899999963333
10,9,Corina Miner,2014-02-19,2221122271111004777700004444b7888885554bbaaaaa83555bbb66a333399999966663
10,10,Corina Miner,2014-02-19,2221122271111004777700004444b7888335554bb88aa333555bbb8aaa366999999a6666
10,11,Corina Miner,2014-02-19,2221122271111004777700004444b7333365554bb88a3366555bbb88aaa6699999988aa6
10,12,Corina Miner,2014-02-19,2221122271111004777700004444b7366665554bb3333a66555bbb38aaaaa99999988888
10,13,Corina Miner,2014-02-22,1112121172222004777700004444b7666635554bb66a3333555bbbaaaaa8399999988888
10,14,Corina Miner,2014-02-22,1112121172222004777700004444b7633335554bb6633a88555bbb66aaa889999996aa88
10,15,Corina Miner,2014-02-22,1112121172222004777700004444b7338885554bb333aa88555bbb663aaa89999996666a
10,16,Corina Miner,2014-02-22,1112121172222004777700004444b7888885554bb38aaaaa555bbb3333a6699999936666
10,17,Corina Miner,2014-02-22,1112121172222004777700004444b788aa65554bb88aaa66555bbb88a336699999933336
10,18,Corina Miner,2014-02-22,1112121172222004777700004444b7a66665554bb8aaa366555bbb88aa33399999988833
10,19,Corina Miner,2014-02-22,1112121172222004777700004444b76666a5554bb663aaa8555bbb333aa8899999933888
10,20,Corina Miner,2014-02-22,1112121172222004777700004444b76aa885554bb66aaa88555bbb6633a8899999963333
10,21,Corina Miner,2014-02-22,1112121172222004777700004444b7888885554bbaaaaa83555bbb66a333399999966663
10,22,Corina Miner,2014-02-22,1112121172222004777700004444b7888335554bb88aa333555bbb8aaa366999999a6666
10,23,Corina Miner,2014-02-22,1112121172222004777700004444b7333365554bb88a3366555bbb88aaa6699999988aa6
10,24,Corina Miner,2014-02-22,1112121172222004777700004444b7366665554bb3333a66555bbb38aaaaa99999988888
10,25,Corina Miner,2018-07-26,2221122271111004777700004444b7a666655548bbaaa36655588bbbaa33388899999933
10,26,Corina Miner,2018-07-26,1112121172222004777700004444b7a666655548bbaaa36655588bbbaa33388899999933
10,27,Corina Miner,2018-09-22,222112227111100b77770000bbbbb76666355544466a3333555444aaaaa8399999988888
10,28,Corina Miner,2018-09-22,222112227111100b77770000bbbbb7633335554446633a8855544466aaa889999996aa88
10,29,Corina Miner,2018-09-22,222112227111100b77770000bbbbb733888555444333aa88555444663aaa89999996666a
10,30,Corina Miner,2018-09-22,222112227111100b77770000bbbbb78888855544438aaaaa5554443333a6699999936666
10,31,Corina Miner,2018-09-22,222112227111100b77770000bbbbb788aa655544488aaa6655544488a336699999933336
10,32,Corina Miner,2018-09-22,222112227111100b77770000bbbbb7a66665554448aaa36655544488aa33399999988833
10,33,Corina Miner,2018-09-22,222112227111100b77770000bbbbb76666a555444663aaa8555444333aa8899999933888
10,34,Corina Miner,2018-09-22,222112227111100b77770000bbbbb76aa8855544466aaa885554446633a8899999963333
10,35,Corina Miner,2018-09-22,222112227111100b77770000bbbbb788888555444aaaaa8355544466a333399999966663
10,36,Corina Miner,2018-09-22,222112227111100b77770000bbbbb78883355544488aa3335554448aaa366999999a6666
10,37,Corina Miner,2018-09-22,222112227111100b77770000bbbbb73333655544488a336655544488aaa6699999988aa6
10,38,Corina Miner,2018-09-22,222112227111100b77770000bbbbb7366665554443333a6655544438aaaaa99999988888
10,39,Corina Miner,2018-09-22,111212117222200b77770000bbbbb76666355544466a3333555444aaaaa8399999988888
10,40,Corina Miner,2018-09-22,111212117222200b77770000bbbbb7633335554446633a8855544466aaa889999996aa88
10,41,Corina Miner,2018-09-22,111212117222200b77770000bbbbb733888555444333aa88555444663aaa89999996666a
10,42,Corina Miner,2018-09-22,111212117222200b77770000bbbbb78888855544438aaaaa5554443333a6699999936666
10,43,Corina Miner,2018-09-22,111212117222200b77770000bbbbb788aa655544488aaa6655544488a336699999933336
10,44,Corina Miner,2018-09-22,111212117222200b77770000bbbbb7a66665554448aaa36655544488aa33399999988833
10,45,Corina Miner,2018-09-22,111212117222200b77770000bbbbb76666a555444663aaa8555444333aa8899999933888
10,46,Corina Miner,2018-09-22,111212117222200b77770000bbbbb76aa8855544466aaa885554446633a8899999963333
10,47,Corina Miner,2018-09-22,111212117222200b77770000bbbbb788888555444aaaaa8355544466a333399999966663
10,48,Corina Miner,2018-09-22,111212117222200b77770000bbbbb78883355544488aa3335554448aaa366999999a6666
10,49,Corina Miner,2018-09-22,111212117222200b77770000bbbbb73333655544488a336655544488aaa6699999988aa6
10,50,Corina Miner,2018-09-22,111212117222200b77770000bbbbb7366665554443333a6655544438aaaaa99999988888
11,1,Corina Miner,,222aa222aaa11884a111188944440088b9977740000bbb996677755533bb966665553333
12,1,Corina Miner,,222222aa9911aaa9941111ab99444400bbb88777400003bb886677755533388666655533
12,2,Corina Miner,2018-07-26,222222aa9911aaa9941111ab99444400bbb88555400007bb885553377776688333376666
13,1,Corina Miner,,33933399555329975552229a4777722aaa04444b711aa000664bbb11110806666bb88888
14,1,Corina Miner,,2222220077700005557778884555366668844443333b668a11413bbbbbaaa111999999aa
14,2,Corina Miner,2014-02-16,2220022200007775557778884555366668844443333b668a11413bbbbbaaa111999999aa
15,1,Corina Miner,,88888222a8222119aaa1111499baa00444499bbb000047779bb335557776633335556666
15,2,Corina Miner,2014-02-16,88888111a8112129aaa2222499baa00444499bbb000047779bb335557776633335556666
15,3,Corina Miner,2015-12-22,88288222a8822119aaa1111499baa00444499bbb000047779bb335557776633335556666
16,1,Corina Miner,,299222990022b990000bbb886444555bb88664445557788a6633111177aaa633331177aa
16,2,Corina Miner,,099000992020b992222bbb886444555bb88664445557788a6633111177aaa633331177aa
16,3,Corina Miner,2016-02-18,299222990022b990000bbb886444555bb88664445557788a6633331177aaa633111177aa
16,4,Corina Miner,2016-02-18,099000992020b992222bbb886444555bb88664445557788a6633331177aaa633111177aa
16,5,Corina Miner,2018-07-11,299222990022b990000bbb886331111bb88663333117788a6644455577aaa644455577aa
16,6,Corina Miner,2018-07-11,099000992020b992222bbb886331111bb88663333117788a6644455577aaa644455577aa
16,7,Corina Miner,2018-07-11,299222990022b990000bbb886333311bb88663311117788a6644455577aaa644455577aa
16,8,Corina Miner,2018-07-11,099000992020b992222bbb886333311bb88663311117788a6644455577aaa644455577aa
17,1,Corina Miner,,222222005550000455566667444466777731114a887b333311aaa88bbbbb31aa88999999
17,2,Corina Miner,2016-01-26,2222220055500004555888884444aaaaa831114777ab33331177766bbbbb316666999999
17,3,Corina Miner,2016-01-26,33b333bb5553bbb455566667444466777721114a8870022211aaa880000221aa88999999
17,4,Corina Miner,2016-01-26,33b333bb5553bbb4555888884444aaaaa821114777a00222117776600002216666999999
17,5,Corina Miner,2018-07-26,2222220055500004555666674444667777388a41117b333388aaa11bbbbb388aa1999999
17,6,Corina Miner,2018-07-26,2222220055500004555888884444aaaaa837774111ab33336677711bbbbb366661999999
17,7,Corina Miner,2018-07-28,33b333bb5553bbb4555666674444667777288a411170022288aaa1100002288aa1999999
17,8,Corina Miner,2018-07-28,33b333bb5553bbb4555888884444aaaaa827774111a00222667771100002266661999999
18,1,Corina Miner,,555055540004444802024111688222211aa6638889971aaa6633399b7777a63399bbbbb7
18,2,Corina Miner,2014-02-16,555255542224444822004111688000011aa6638889971aaa6633399b7777a63399bbbbb7
18,3,Corina Miner,2014-02-16,555055540004444902024111998222211aa9938888871aaa9333366b7777a36666bbbbb7
18,4,Corina Miner,2014-02-16,555255542224444922004111998000011aa9938888871aaa9333366b7777a36666bbbbb7
18,5,Corina Miner,2018-07-04,555055540004444902024111992222811aa9938888871aaa9333366b7777a36666bbbbb7
18,6,Corina Miner,2018-07-25,555055540004444902024111998222211aa9938888871aaa93333b667777a3bbbbb66667
18,7,Corina Miner,2018-07-25,555255542224444922004111998000011aa9938888871aaa93333b667777a3bbbbb66667
18,8,Corina Miner,2018-07-25,555055540004444902024111992222811aa9938888871aaa93333b667777a3bbbbb66667
18,9,Corina Miner,2018-09-25,555b5554bbb4444933bb4111993333811aa9928888871aaa922200667777a22000066667
18,10,Corina Miner,2018-09-25,5554555b4444bbb9334bb111993333811aa9928888871aaa922200667777a22000066667
18,11,Corina Miner,2018-09-25,5554555b4444bbb9334888bb993331188aa9923111178aaa922200667777a22000066667
19,1,Corina Miner,,22222299666649966744449977771411555070881113555a00088b3333aaa088bbbbb3aa
20,1,Corina Miner,,222002220000888aa77b9988aaa77bb99861a1177bbb9966111335554446633335554446
20,2,Corina Miner,2018-10-02,222002220000888aa778899baaa77899bb61a117799bbb66111335554446633335554446
20,3,Corina Miner,2018-10-02,2220022200008883377b998833377bb9986555377bbb9966555a111144466aaaaa114446
20,4,Corina Miner,2018-10-02,22200222000088833778899b33377899bb655537799bbb66555a111144466aaaaa114446
20,5,Corina Miner,2018-10-02,2220022200008883333b998877733bb9986555777bbb9966555a111144466aaaaa114446
20,6,Corina Miner,2018-10-02,22200222000088833338899b77733899bb655577799bbb66555a111144466aaaaa114446
21,1,Corina Miner,,5554555b4444bbb9934bb88899333377788992327771118a6622220011aaa666600001aa
22,1,Corina Miner,,5559555299002229900002276988aa777746688aaa7344446688ab33314116bbbbb33111
23,1,Yuta Takagi,,1aa11aaa31112a233332222b03999999bbb00044477555bb080444775556688888776666
23,2,Corina Miner,2018-07-26,33933399111329911a12229b0aaaaa22bbb00044477555bb080444775556688888776666
24,1,Corina Miner,,222002220000aa19977aaa1199877ab1116998877bbbbb66888335554446633335554446
24,2,Corina Miner,2018-10-02,2220022200001aa997711aaa99877111ba6998877bbbbb66888335554446633335554446
24,3,Corina Miner,2018-10-02,222002220000aa13377aaa1133377ab1116555377bbbbb66555888884446699999984446
24,4,Corina Miner,2018-10-02,2220022200001aa337711aaa33377111ba6555377bbbbb66555888884446699999984446
25,1,Corina Miner,,222002220000331994333311994444b1117995554bb7777a66555bbb78aaa666688888aa
26,1,Yuta Takagi,,99b998bb9988bbb3888a666603333aaa7660003111aa7777020211444555722221444555
26,2,Corina Miner,2018-07-11,99b998bb9988bbb3888a666623333aaa7662223111aa7777220011444555700001444555
27,1,Corina Miner,,9779977199b771139bbb111403333bb44440003a666645550202aaa8665552222aa88888
27,2,Corina Miner,2014-02-16,9779977199b771139bbb111423333bb44442223a666645552200aaa8665550000aa88888
28,1,Corina Miner,,5554555244442226774aa2296677aaa119986677a11113998860000b3333988800bbbbb3
29,1,Yuta Takagi,2012-10-14,99299222993322483333444408866664555000888766555a01011b7777aaa111bbbbb7aa
30,1,Yuta Takagi,2012-10-18,55595554b994444bbb994222bb3aa9112223333aaa111188663777a00008866667770088
31,1,Corina Miner,2012-10-19,222222aa1111aaa4113333ab444433555bb8664777555bbb886666777000088899999900
32,1,Corina Miner,2012-10-28,55535559033339900038889910b0882229611bbb87722266111abb7744466aaaaa774446
32,2,Corina Miner,2018-07-25,55535559033339900038889910b0882229611bbb82227766111abb4447766aaaaa444776
32,3,Corina Miner,2018-07-25,55535559033339900038829910b0882229611bbb88227766111abb4447766aaaaa444776
33,1,Corina Miner,2012-11-03,93399333990308829200088b2222a088bbb111aaaaabb777114445557776614445556666
33,2,Corina Miner,2012-11-08,93399333990308829200088b2222a088bbb777aaaaabb111667775554441166665554441
34,1,Corina Miner,2012-11-05,889b8899bbb8899bb3333292611113322226677110000555667744400a555677444aaaaa
35,1,Corina Miner,2012-11-10,99b99bbb99bb8aa488888aaa444422200a17774222000011667775553311166665553333
35,2,Corina Miner,2012-11-10,99b99bbb99bb8aa488888aaa444400222a17774000022211667775553311166665553333
36,1,Corina Miner,2012-11-27,88088000388010b2333311bb22236111bbba227766444555aaa7766444555aa776999999
37,1,Corina Miner,2012-12-22,5559555b9911bbb9941111bb39444466667833334667777a8830000272aaa888002222aa
37,2,Corina Miner,2018-07-25,5559555b9911bbb9941111bb09444466667000334667777a0803333272aaa888882222aa
38,1,Corina Miner,2013-08-09,08800088203088b222333bbbaa2233bb776aaa4445557766a11444555776611119999996
39,1,Corina Miner,2013-10-06,22222299b000099bb7008899bbb777788aa3333111788aaa663311444555a66661444555
40,1,Corina Miner,2013-10-10,888555884555b894444bbb996774222bb99667722200009a6677113300aaa611113333aa
40,2,Corina Miner,2018-07-25,888555884555b894444bbb991114222bb99117122200009a6677773300aaa666673333aa
41,1,Corina Miner,2013-10-11,88899b8899bbb8099bbaa0001444aaa020211444a7772222111335557776633335556666
41,2,Corina Miner,2013-10-11,88899b8899bbb8299bbaa2221444aaa220011444a7770000111335557776633335556666
42,1,Corina Miner,2013-10-11,88899b8899bbb8099bbaa0003333aaa020211133a7772222114445557776614445556666
42,2,Corina Miner,2013-10-11,88899b8899bbb8299bbaa2223333aaa220011133a7770000114445557776614445556666
43,1,Barty Sachs,2013-10-30,aa1aaa116a4111b6644449bb26677499bbb2226779988888220077933555800003333555
43,2,Corina Miner,2014-03-01,aa1aaa116a4111b6644449bb06677499bbb0006779988888020277933555822223333555
44,1,Corina Miner,2014-02-12,99b99bbb99777bb88888777308555663333000555466663a0202444411aaa222241111aa
44,2,Corina Miner,2014-02-12,99b99bbb99777bb88888777328555663333222555466663a2200444411aaa000041111aa
44,3,Corina Miner,2014-02-12,b99bbb99bb7779988888777308555663333000555466663a0202444411aaa222241111aa
44,4,Corina Miner,2014-02-12,b99bbb99bb7779988888777328555663333222555466663a2200444411aaa000041111aa
45,1,Corina Miner,2014-02-12,33b333bb7773bbb88077749988000444499a880102455599aaa1122255566aa111226666
45,2,Corina Miner,2014-02-12,33b333bb7773bbb88077749988000444499a880201455599aaa2221155566aa221116666
45,3,Corina Miner,2014-02-12,b33bb333bbb377788077749988000444499a880102455599aaa1122255566aa111226666
45,4,Corina Miner,2014-02-12,b33bb333bbb377788077749988000444499a880201455599aaa2221155566aa221116666
45,5,Corina Miner,2014-02-12,33b333bb7773bbb88077755588000995554a880102994444aaa1122299466aa111226666
45,6,Corina Miner,2014-02-12,33b333bb7773bbb88077755588000995554a880201994444aaa2221199466aa221116666
45,7,Corina Miner,2014-02-12,b33bb333bbb377788077755588000995554a880102994444aaa1122299466aa111226666
45,8,Corina Miner,2014-02-12,b33bb333bbb377788077755588000995554a880201994444aaa2221199466aa221116666
45,9,Corina Miner,2018-07-26,33b333bb7773bbb22277749911222444499a111100455599aaa8000055566aa888886666
45,10,Corina Miner,2018-07-26,33b333bb7773bbb11177749921211444499a222200455599aaa8000055566aa888886666
45,11,Corina Miner,2018-07-26,b33bb333bbb377722277749911222444499a111100455599aaa8000055566aa888886666
45,12,Corina Miner,2018-07-26,b33bb333bbb377711177749921211444499a222200455599aaa8000055566aa888886666
45,13,Corina Miner,2018-07-26,33b333bb7773bbb22277755511222995554a111100994444aaa8000099466aa888886666
45,14,Corina Miner,2018-07-26,33b333bb7773bbb11177755521211995554a222200994444aaa8000099466aa888886666
45,15,Corina Miner,2018-07-26,b33bb333bbb377722277755511222995554a111100994444aaa8000099466aa888886666
45,16,Corina Miner,2018-07-26,b33bb333bbb377711177755521211995554a222200994444aaa8000099466aa888886666
45,17,Corina Miner,2018-07-26,b33bb333bbb355588099555488000994444a880102994777aaa1122277766aa111226666
45,18,Corina Miner,2018-07-26,b33bb333bbb355588099555488000994444a880201994777aaa2221177766aa221116666
45,19,Corina Miner,2018-07-26,b33bb333bbb355522299555411222994444a111100994777aaa8000077766aa888886666
45,20,Corina Miner,2018-07-26,b33bb333bbb355511199555421211994444a222200994777aaa8000077766aa888886666
45,21,Corina Miner,2018-07-26,b33bb333bbb349988044449988000455599a880102555777aaa1122277766aa111226666
45,22,Corina Miner,2018-07-26,b33bb333bbb349988044449988000455599a880201555777aaa2221177766aa221116666
45,23,Corina Miner,2018-07-26,b33bb333bbb349922244449911222455599a111100555777aaa8000077766aa888886666
45,24,Corina Miner,2018-07-26,b33bb333bbb349911144449921211455599a222200555777aaa8000077766aa888886666
45,25,Corina Miner,2018-07-26,33b333bb7773bbb22277755511222005554a111100004444aaa8999999466aa888886666
45,26,Corina Miner,2018-07-26,33b333bb7773bbb11177755521211005554a222200004444aaa8999999466aa888886666
45,27,Corina Miner,2018-07-26,b33bb333bbb377722277755511222005554a111100004444aaa8999999466aa888886666
45,28,Corina Miner,2018-07-26,b33bb333bbb377711177755521211005554a222200004444aaa8999999466aa888886666
46,1,Corina Miner,2014-02-16,88888b9938bbb9933332bb9963002221111660000227711a6644455577aaa644455577aa
46,2,Yuta Takagi,2014-02-16,88888b9938bbb9933332bb99630022277aa6600002277aaa664445557711a64445551111
47,1,Corina Miner,2014-02-17,889b8899bbb8899bb0000292666600a222266377aaaaa111333775554441133775554441
47,2,Corina Miner,2014-02-17,889b8899bbb8899bb0000292337700a222233377aaaaa111663775554441166665554441
48,1,Corina Miner,2014-02-19,1113311033310005553202097555222299ba777744499bbbaaa874449bb66aa888886666
48,2,Corina Miner,2014-02-19,11133110333100055532020975552222996a777744499b66aaa874449bb66aa88888bbb6
48,3,Corina Miner,2014-02-19,1113311233312225553002297555000099ba777744499bbbaaa874449bb66aa888886666
48,4,Corina Miner,2014-02-19,11133112333122255530022975550000996a777744499b66aaa874449bb66aa88888bbb6
48,5,Corina Miner,2014-02-19,1113311b3331bbb5553bb66975556666990a777744499000aaa8744492020aa888882222
48,6,Corina Miner,2014-02-19,111331163331b665553bb6697555bbb6990a777744499000aaa8744492020aa888882222
48,7,Corina Miner,2014-02-19,1113311b3331bbb5553bb66975556666992a777744499222aaa8744490022aa888880000
48,8,Corina Miner,2014-02-19,111331163331b665553bb6697555bbb6992a777744499222aaa8744490022aa888880000
48,9,Corina Miner,2014-02-19,1111131033330005553202097555222299ba777744499bbbaaa874449bb66aa888886666
48,10,Corina Miner,2014-02-19,11111310333300055532020975552222996a777744499b66aaa874449bb66aa88888bbb6
48,11,Corina Miner,2014-02-19,1111131233332225553002297555000099ba777744499bbbaaa874449bb66aa888886666
48,12,Corina Miner,2014-02-19,11111312333322255530022975550000996a777744499b66aaa874449bb66aa88888bbb6
48,13,Corina Miner,2014-02-19,1111131b3333bbb5553bb66975556666990a777744499000aaa8744492020aa888882222
48,14,Corina Miner,2014-02-19,111113163333b665553bb6697555bbb6990a777744499000aaa8744492020aa888882222
48,15,Corina Miner,2014-02-19,1111131b3333bbb5553bb66975556666992a777744499222aaa8744490022aa888880000
48,16,Corina Miner,2014-02-19,111113163333b665553bb6697555bbb6992a777744499222aaa8744490022aa888880000
48,17,Corina Miner,2014-02-19,5553555033330001311202097111222299ba777744499bbbaaa874449bb66aa888886666
48,18,Corina Miner,2014-02-19,55535550333300013112020971112222996a777744499b66aaa874449bb66aa88888bbb6
48,19,Corina Miner,2014-02-19,5553555233332221311002297111000099ba777744499bbbaaa874449bb66aa888886666
48,20,Corina Miner,2014-02-19,55535552333322213110022971110000996a777744499b66aaa874449bb66aa88888bbb6
48,21,Corina Miner,2014-02-19,5553555b3333bbb1311bb66971116666990a777744499000aaa8744492020aa888882222
48,22,Corina Miner,2014-02-19,555355563333b661311bb6697111bbb6990a777744499000aaa8744492020aa888882222
48,23,Corina Miner,2014-02-19,5553555b3333bbb1311bb66971116666992a777744499222aaa8744490022aa888880000
48,24,Corina Miner,2014-02-19,555355563333b661311bb6697111bbb6992a777744499222aaa8744490022aa888880000
48,25,Corina Miner,2014-02-19,5553555013330001133202097111222299ba777744499bbbaaa874449bb66aa888886666
48,26,Corina Miner,2014-02-19,55535550133300011332020971112222996a777744499b66aaa874449bb66aa88888bbb6
48,27,Corina Miner,2014-02-19,5553555213332221133002297111000099ba777744499bbbaaa874449bb66aa888886666
48,28,Corina Miner,2014-02-19,55535552133322211330022971110000996a777744499b66aaa874449bb66aa88888bbb6
48,29,Corina Miner,2014-02-19,5553555b1333bbb1133bb66971116666990a777744499000aaa8744492020aa888882222
48,30,Corina Miner,2014-02-19,555355561333b661133bb6697111bbb6990a777744499000aaa8744492020aa888882222
48,31,Corina Miner,2014-02-19,5553555b1333bbb1133bb66971116666992a777744499222aaa8744490022aa888880000
48,32,Corina Miner,2014-02-19,555355561333b661133bb6697111bbb6992a777744499222aaa8744490022aa888880000
48,33,Corina Miner,2018-07-27,2223322233311115553001197555000099ba777744499bbbaaa874449bb66aa888886666
48,34,Corina Miner,2018-07-27,22233222333111155530011975550000996a777744499b66aaa874449bb66aa88888bbb6
48,35,Corina Miner,2018-07-27,5553555033330002321101097222211199ba777744499bbbaaa874449bb66aa888886666
48,36,Corina Miner,2018-07-27,55535550333300023211010972222111996a777744499b66aaa874449bb66aa88888bbb6
48,37,Corina Miner,2018-09-14,111331193331b995553bb6997555bbb6690a777744466000aaa8744462020aa888882222
48,38,Corina Miner,2018-09-14,111331193331b995553bb6997555bbb6692a777744466222aaa8744460022aa888880000
48,39,Corina Miner,2018-09-14,111113193333b995553bb6997555bbb6690a777744466000aaa8744462020aa888882222
48,40,Corina Miner,2018-09-14,111113193333b995553bb6997555bbb6692a777744466222aaa8744460022aa888880000
48,41,Corina Miner,2018-09-14,555355593333b991311bb6997111bbb6690a777744466000aaa8744462020aa888882222
48,42,Corina Miner,2018-09-14,555355593333b991311bb6997111bbb6692a777744466222aaa8744460022aa888880000
48,43,Corina Miner,2018-09-14,555355591333b991133bb6997111bbb6690a777744466000aaa8744462020aa888882222
48,44,Corina Miner,2018-09-14,555355591333b991133bb6997111bbb6692a777744466222aaa8744460022aa888880000
48,45,Corina Miner,2018-09-14,111b1133bbb1333555bb366975556666990a777744499000aaa8744492020aa888882222
48,46,Corina Miner,2018-09-14,111b1133bbb1333555bb366975556666992a777744499222aaa8744490022aa888880000
48,47,Corina Miner,2018-09-14,111b1311bbb3333555bb366975556666990a777744499000aaa8744492020aa888882222
48,48,Corina Miner,2018-09-14,111b1311bbb3333555bb366975556666992a777744499222aaa8744490022aa888880000
48,49,Corina Miner,2018-09-14,555b5556bbbbb6611333366971111336990a777744499000aaa8744492020aa888882222
48,50,Corina Miner,2018-09-14,555b5556bbbbb6611333366971111336992a777744499222aaa8744490022aa888880000
48,51,Corina Miner,2018-09-14,555b5556bbbbb6611113366971133336990a777744499000aaa8744492020aa888882222
48,52,Corina Miner,2018-09-14,555b5556bbbbb6611113366971133336992a777744499222aaa8744490022aa888880000
48,53,Corina Miner,2018-09-14,555b5559bbbbb9911333369971111336690a777744466000aaa8744462020aa888882222
48,54,Corina Miner,2018-09-14,555b5559bbbbb9911333369971111336692a777744466222aaa8744460022aa888880000
48,55,Corina Miner,2018-09-14,555b5559bbbbb9911113369971133336690a777744466000aaa8744462020aa888882222
48,56,Corina Miner,2018-09-14,555b5559bbbbb9911113369971133336692a777744466222aaa8744460022aa888880000
48,57,Corina Miner,2018-09-16,1113311b3331bbb5553bb66975556666099a777744400099aaa8744402029aa888882222
48,58,Corina Miner,2018-09-16,111331163331b665553bb6697555bbb6099a777744400099aaa8744402029aa888882222
48,59,Corina Miner,2018-09-16,1111131b3333bbb5553bb66975556666099a777744400099aaa8744402029aa888882222
48,60,Corina Miner,2018-09-16,111113163333b665553bb6697555bbb6099a777744400099aaa8744402029aa888882222
48,61,Corina Miner,2018-09-16,5553555b3333bbb1311bb66971116666099a777744400099aaa8744402029aa888882222
48,62,Corina Miner,2018-09-16,555355563333b661311bb6697111bbb6099a777744400099aaa8744402029aa888882222
48,63,Corina Miner,2018-09-16,5553555b1333bbb1133bb66971116666099a777744400099aaa8744402029aa888882222
48,64,Corina Miner,2018-09-16,555355561333b661133bb6697111bbb6099a777744400099aaa8744402029aa888882222
48,65,Corina Miner,2018-09-16,111b1133bbb1333555bb366975556666099a777744400099aaa8744402029aa888882222
48,66,Corina Miner,2018-09-16,111b1311bbb3333555bb366975556666099a777744400099aaa8744402029aa888882222
48,67,Corina Miner,2018-09-16,555b5556bbbbb6611333366971111336099a777744400099aaa8744402029aa888882222
48,68,Corina Miner,2018-09-16,555b5556bbbbb6611113366971133336099a777744400099aaa8744402029aa888882222
49,1,Corina Miner,2014-11-03,b996bb9966bbb9926644455522264445553882277700333388777a000011388aaaaa1111
50,1,Corina Miner,2014-11-07,888555884555b894444bbb996334bb77799663337771119a6630022211aaa600002221aa
50,2,Corina Miner,2014-11-07,888555884555b894444bbb996334bb77799663337771119a6632220011aaa622200001aa
50,3,Corina Miner,2014-11-07,88855588b555489bbb444499633bb477799663337771119a6630022211aaa600002221aa
50,4,Corina Miner,2014-11-07,88855588b555489bbb444499633bb477799663337771119a6632220011aaa622200001aa
51,1,Corina Miner,2013-12-16,5559555399b333399bbbbb34097666644440007777664a8801011272aaa881112222aa88
51,2,Corina Miner,2013-12-16,5559555399b333399bbbbb34097666644440007777664a8802021171aaa882222111aa88
51,3,Corina Miner,2013-12-16,5559555399b333399bbbbb34297666644442227777664a8822001171aaa880000111aa88
51,4,Corina Miner,2018-07-25,1119171199b777799bbbbb74093666644440003333664a8802023555aaa882222555aa88
51,5,Corina Miner,2018-07-25,1119171199b777799bbbbb74293666644442223333664a8822003555aaa880000555aa88
52,1,Corina Miner,2015-12-07,88888222482223344447733355549773111a555997711010aaa996666b000aa966bbbbb0
52,2,Corina Miner,2015-12-22,88288222488223344447733355549773111a555997711010aaa996666b000aa966bbbbb0
52,3,Corina Miner,2015-12-22,88888222482223344447733355549773111a555997711010aaa99b6666000aa9bbbbb660
52,4,Corina Miner,2015-12-22,88288222488223344447733355549773111a555997711010aaa99b6666000aa9bbbbb660
53,1,Corina Miner,2015-12-07,88811188010118920005559922206555499a227766444493aaa7766b43333aa776bbbbb3
53,2,Corina Miner,2018-07-25,88811188010118420009444422206994555a227766995553aaa7766b93333aa776bbbbb3
54,1,Corina Miner,2015-12-07,222992229966664996674444aa7777b4888aaa700bbbbb88a11000033555811113333555
54,2,Dan Halperin,2018-09-20,222992229955588993555b88aa3333bb884aaa300bbb4444a11000077746611117776666
54,3,Corina Miner,2018-09-20,22299222995558899a555b883aaaaabb884333300bbb4444311000077746611117776666
55,1,Corina Miner,2015-12-07,111aa118aaa18802a288800022227770406555777b444466555bbbbb4336699999933336
56,1,Corina Miner,2015-12-22,222222aa6666aaa6677711ab07771111bbb00044455533bb080444555333388888999999
56,2,Corina Miner,2018-07-28,6776677126677112226a111b022aaaaabbb00044455533bb080444555333388888999999
57,1,Corina Miner,2016-01-08,888111881101089555000b99655540bbb99667744442bb9a6677334222aaa677333322aa
58,1,Corina Miner,2016-01-09,5559555499b444499bbb488869bb2220088667722200008a6677333311aaa677331111aa
58,2,Corina Miner,2016-01-09,5559555499b444499bbb488869bb2220088667722200008a6677331111aaa677333311aa
58,3,Corina Miner,2016-01-09,5559555499b444499bbb488869bb0022288667700002228a6677333311aaa677331111aa
58,4,Corina Miner,2016-01-09,5559555499b444499bbb488869bb0022288667700002228a6677331111aaa677333311aa
58,5,Corina Miner,2016-01-09,5559555499b444499bbb428869bb0022288667700002288a6677333311aaa677331111aa
58,6,Corina Miner,2016-01-09,5559555499b444499bbb428869bb0022288667700002288a6677331111aaa677333311aa
58,7,Corina Miner,2016-01-09,5559555499b444499bbb488869222bb0088667722200008a6677333311aaa677331111aa
58,8,Corina Miner,2016-01-09,5559555499b444499bbb488869222bb0088667722200008a6677331111aaa677333311aa
58,9,Corina Miner,2018-07-04,1119131199b333399bbb388869bb2220088667722200008a6677444555aaa677444555aa
58,10,Corina Miner,2018-07-04,1119113399b133399bbb388869bb2220088667722200008a6677444555aaa677444555aa
58,11,Corina Miner,2018-07-04,1119131199b333399bbb388869bb0022288667700002228a6677444555aaa677444555aa
58,12,Corina Miner,2018-07-04,1119113399b133399bbb388869bb0022288667700002228a6677444555aaa677444555aa
58,13,Corina Miner,2018-07-04,1119131199b333399bbb328869bb0022288667700002288a6677444555aaa677444555aa
58,14,Corina Miner,2018-07-04,1119113399b133399bbb328869bb0022288667700002288a6677444555aaa677444555aa
58,15,Corina Miner,2018-07-04,1119131199b333399bbb388869222bb0088667722200008a6677444555aaa677444555aa
58,16,Corina Miner,2018-07-04,1119113399b133399bbb388869222bb0088667722200008a6677444555aaa677444555aa
58,17,Corina Miner,2018-07-29,1119131199b333399bbb388869222bb0088662227700008a6644477555aaa644477555aa
58,18,Corina Miner,2018-07-29,1119113399b133399bbb388869222bb0088662227700008a6644477555aaa644477555aa
59,1,Corina Miner,2016-01-09,5554555244442221114b22991171bbbbb99777766aaaaa9976666833a000088888333300
60,1,Ben Izmirli,2016-01-13,555455594444b991334bbb991133330bb96a111880007766aaa8820207766aa882222776
61,1,Corina Miner,2016-01-15,08800088102088a11222aaab311122aabbb33337444555bb377774445556679999996666
61,2,Corina Miner,2016-01-15,08800088201088a22211aaab322111aabbb33337444555bb377774445556679999996666
61,3,Corina Miner,2016-01-25,08800088102088a11222aaab711122aabbb37777444555bb333374445556639999996666
61,4,Corina Miner,2016-01-25,08800088201088a22211aaab722111aabbb37777444555bb333374445556639999996666
61,5,Corina Miner,2016-01-25,08800088102088a11222aaab611122aabbb66555444773bb665554447733369999997733
61,6,Corina Miner,2016-01-25,08800088201088a22211aaab622111aabbb66555444773bb665554447733369999997733
61,7,Corina Miner,2016-01-25,08800088102088a11222aaab611122aabbb66555444777bb665554443377769999993333
61,8,Corina Miner,2016-01-25,08800088201088a22211aaab622111aabbb66555444777bb665554443377769999993333
61,9,Corina Miner,2018-07-25,08800088102088a11222aaab611122aabbb66999999773bb664445557733364445557733
61,10,Corina Miner,2018-07-25,08800088201088a22211aaab622111aabbb66999999773bb664445557733364445557733
61,11,Corina Miner,2018-07-25,08800088102088a11222aaab611122aabbb66999999777bb664445553377764445553333
61,12,Corina Miner,2018-07-25,08800088201088a22211aaab622111aabbb66999999777bb664445553377764445553333
62,1,Corina Miner,2016-01-19,99299222996622766667777ba1111700bbb8aaa1100003bb88aa44455533388844455533
62,2,Corina Miner,2016-01-19,99299222996622766667777b88888700bbbaaaaa800003bb11a144455533311144455533
62,3,Corina Miner,2016-01-19,99299222996622766667777b31111700bbb3333110000abb35554448aaaaa55544488888
62,4,Corina Miner,2016-01-19,99299222996622766667777b33555700bbb3335550000abb11314448aaaaa11144488888
63,1,Corina Miner,2016-01-19,baabbaaabbb00a1555000011255577711142227778334444228888833346699999936666
64,1,Corina Miner,2016-01-19,baabbaaabbb00a9777000099555777662993555666622298333311444228831111444888
64,2,Corina Miner,2016-01-19,baabbaaabbb00a9777000099111777662991131666622298333555444228833555444888
65,1,Corina Miner,2016-01-19,63366333266355522264555972244440099a77774b000099aaa87bbbbb119aa888881111
66,1,Corina Miner,2016-01-22,33b333bb5553bbb8555aaaaa4888887a2224444777766222114176666000011199999900
67,1,Corina Miner,2016-01-22,2222220055500004555baa994444bbaaa997774bbb11a399667771111833366668888833
68,1,Corina Miner,2016-01-22,555b5554bbb4444bb7774111aaaaa777116882a200001366882222003336688999999336
69,1,Corina Miner,2016-01-25,8868866b78866bb477776bbb444427333315554222003311555a220000111aaaaa999999
69,2,Corina Miner,2016-01-25,88b88bbb78866bb477776666444427333315554222003311555a220000111aaaaa999999
69,3,Corina Miner,2016-01-25,8868866b78866bb477776bbb444427aaaaa111422200a555113322000055513333999999
69,4,Corina Miner,2016-01-25,88b88bbb78866bb477776666444427aaaaa111422200a555113322000055513333999999
70,1,Corina Miner,2016-01-25,888aa988aaa9986ba5559966bbb55549660bb77744446000777332421101033332222111
70,2,Corina Miner,2016-01-25,888aa988aaa9986ba5559966bbb55549660bb37744446000333772421101033772222111
70,3,Corina Miner,2016-01-25,888aa988aaa9986ba5559966bbb55549660bb77744446000777331411202033331112222
70,4,Corina Miner,2016-01-25,888aa988aaa9986ba5559966bbb55549660bb37744446000333771411202033771112222
70,5,Corina Miner,2016-01-25,888aa988aaa9986ba5559966bbb55549662bb77744446222777331411002233331110000
70,6,Corina Miner,2016-01-25,888aa988aaa9986ba5559966bbb55549662bb37744446222333771411002233771110000
71,1,Corina Miner,2016-01-25,779b7799bb77499bbb44449a3355548aaa033355588aa000113188866202011166662222
71,2,Corina Miner,2016-01-25,779b7799bb77499bbb44449a3355548aaa233355588aa222113188866002211166660000
71,3,Corina Miner,2016-01-25,779b7799bb77499bbb44449a3111148aaa033331188aa000355588866202055566662222
71,4,Corina Miner,2016-01-25,779b7799bb77499bbb44449a3111148aaa233331188aa222355588866002255566660000
72,1,Corina Miner,2016-01-26,3363336699b366099bbb600099777bb0202881117772222a8811444555aaa881444555aa
72,2,Corina Miner,2016-01-26,33633366b993660bbb996000bb777990202881117772222a8811444555aaa881444555aa
73,1,Corina Miner,2016-01-24,222222aa6666aaa6690000a48899b0044448899bbbbb4555889331177755533331111777
73,2,Corina Miner,2016-01-24,222222aa6666aaa6690000a48899b0044448899bbbbb4555889777113355577711113333
73,3,Corina Miner,2016-01-24,222222aa6666aaa6670000a47777b0044441711bbbbb4555111338888855533338999999
73,4,Corina Miner,2016-01-24,222222aa6666aaa6670000a47777b0044441711bbbbb4555111888883355599999983333
74,1,Corina Miner,2016-02-03,88822288002228400009444463333994555663377799555a66777b1191aaa6bbbbb111aa
74,2,Corina Miner,2016-02-03,28822288002288400009444463333994555663377799555a66777b1191aaa6bbbbb111aa
74,3,Corina Miner,2016-02-03,08800088202088422229444463333994555663377799555a66777b1191aaa6bbbbb111aa
74,4,Corina Miner,2016-02-03,88822288002228400009444467733994555667733399555a66773b1191aaa6bbbbb111aa
74,5,Corina Miner,2016-02-03,28822288002288400009444467733994555667733399555a66773b1191aaa6bbbbb111aa
74,6,Corina Miner,2016-02-03,08800088202088422229444467733994555667733399555a66773b1191aaa6bbbbb111aa
74,7,Corina Miner,2016-02-03,88822288002228400009444476666994555377776699555a33337b1191aaa3bbbbb111aa
74,8,Corina Miner,2016-02-03,28822288002288400009444476666994555377776699555a33337b1191aaa3bbbbb111aa
74,9,Corina Miner,2016-02-03,08800088202088422229444476666994555377776699555a33337b1191aaa3bbbbb111aa
74,10,Corina Miner,2016-02-03,88822288002228400009444436666994555333376699555a37777b1191aaa7bbbbb111aa
74,11,Corina Miner,2016-02-03,28822288002288400009444436666994555333376699555a37777b1191aaa7bbbbb111aa
74,12,Corina Miner,2016-02-03,08800088202088422229444436666994555333376699555a37777b1191aaa7bbbbb111aa
74,13,Corina Miner,2016-02-03,88822288002228900005559963333555499663377744449a66777b1141aaa6bbbbb111aa
74,14,Corina Miner,2016-02-03,28822288002288900005559963333555499663377744449a66777b1141aaa6bbbbb111aa
74,15,Corina Miner,2016-02-03,08800088202088922225559963333555499663377744449a66777b1141aaa6bbbbb111aa
74,16,Corina Miner,2016-02-03,88822288002228900005559967733555499667733344449a66773b1141aaa6bbbbb111aa
74,17,Corina Miner,2016-02-03,28822288002288900005559967733555499667733344449a66773b1141aaa6bbbbb111aa
74,18,Corina Miner,2016-02-03,08800088202088922225559967733555499667733344449a66773b1141aaa6bbbbb111aa
74,19,Corina Miner,2016-02-03,88822288002228900005559976666555499377776644449a33337b1141aaa3bbbbb111aa
74,20,Corina Miner,2016-02-03,28822288002288900005559976666555499377776644449a33337b1141aaa3bbbbb111aa
74,21,Corina Miner,2016-02-03,08800088202088922225559976666555499377776644449a33337b1141aaa3bbbbb111aa
74,22,Corina Miner,2016-02-03,88822288002228900005559936666555499333376644449a37777b1141aaa7bbbbb111aa
74,23,Corina Miner,2016-02-03,28822288002288900005559936666555499333376644449a37777b1141aaa7bbbbb111aa
74,24,Corina Miner,2016-02-03,08800088202088922225559936666555499333376644449a37777b1141aaa7bbbbb111aa
75,1,Merlin Hoffman,2016-02-03,aa1aaa119a4111b994444bbb997774bb3368955577733366885550022236688800002226
75,2,Merlin Hoffman,2016-02-03,aa1aaa119a4111b994444bbb997774bb3368955577733366885552220036688822200006
76,1,Corina Miner,2016-02-03,222222001110000b11336666bbb13333766bba9999997777aaaaa8444555788888444555
77,1,Corina Miner,2016-02-13,11133119333129977732229955577722b96a55500bbbbb66aaa0000844466aa888884446
77,2,Corina Miner,2016-02-13,11111319333329977732229955577722b96a55500bbbbb66aaa0000844466aa888884446
78,1,Corina Miner,2016-02-17,0990009920207992222377778888833337418115553b4444111a555bbb466aaaaabb6666
78,2,Corina Miner,2018-07-27,2992229900227990000377778888833337418115553b4444111a555bbb466aaaaabb6666
78,3,Corina Miner,2018-07-27,0990009920203992222333378888837777418115557b4444111a555bbb466aaaaabb6666
78,4,Corina Miner,2018-07-27,2992229900223990000333378888837777418115557b4444111a555bbb466aaaaabb6666
78,5,Corina Miner,2018-07-27,09900099202079922223777788555333374881555a3b44448811aaabbb466111aabb6666
78,6,Corina Miner,2018-07-27,29922299002279900003777788555333374881555a3b44448811aaabbb466111aabb6666
78,7,Corina Miner,2018-07-27,09900099202039922223333788555377774881555a7b44448811aaabbb466111aabb6666
78,8,Corina Miner,2018-07-27,29922299002239900003333788555377774881555a7b44448811aaabbb466111aabb6666
78,9,Corina Miner,2018-07-27,099000992020799222237777555aa3333748555aaa3b4444881111abbb46688811bb6666
78,10,Corina Miner,2018-07-27,299222990022799000037777555aa3333748555aaa3b4444881111abbb46688811bb6666
78,11,Corina Miner,2018-07-27,099000992020399222233337555aa3777748555aaa7b4444881111abbb46688811bb6666
78,12,Corina Miner,2018-07-27,299222990022399000033337555aa3777748555aaa7b4444881111abbb46688811bb6666
78,13,Corina Miner,2018-07-27,099000992020799222237777aaaaa333374555a1113b44445551181bbb46688888bb6666
78,14,Corina Miner,2018-07-27,299222990022799000037777aaaaa333374555a1113b44445551181bbb46688888bb6666
78,15,Corina Miner,2018-07-27,099000992020399222233337aaaaa377774555a1117b44445551181bbb46688888bb6666
78,16,Corina Miner,2018-07-27,299222990022399000033337aaaaa377774555a1117b44445551181bbb46688888bb6666
78,17,Corina Miner,2018-07-27,099000992020799222237777aa111333374aaa11883b4444a555188bbb46655588bb6666
78,18,Corina Miner,2018-07-27,299222990022799000037777aa111333374aaa11883b4444a555188bbb46655588bb6666
78,19,Corina Miner,2018-07-27,099000992020399222233337aa111377774aaa11887b4444a555188bbb46655588bb6666
78,20,Corina Miner,2018-07-27,299222990022399000033337aa111377774aaa11887b4444a555188bbb46655588bb6666
78,21,Corina Miner,2018-07-27,09900099202079922223777711888333374a1111883b4444aaa5558bbb466aa555bb6666
78,22,Corina Miner,2018-07-27,29922299002279900003777711888333374a1111883b4444aaa5558bbb466aa555bb6666
78,23,Corina Miner,2018-07-27,09900099202039922223333711888377774a1111887b4444aaa5558bbb466aa555bb6666
78,24,Corina Miner,2018-07-27,29922299002239900003333711888377774a1111887b4444aaa5558bbb466aa555bb6666
78,25,Corina Miner,2018-07-27,0990009920207992222377778888833337455511813b4444555a111bbb466aaaaabb6666
78,26,Corina Miner,2018-07-27,2992229900227990000377778888833337455511813b4444555a111bbb466aaaaabb6666
78,27,Corina Miner,2018-07-27,0990009920203992222333378888837777455511817b4444555a111bbb466aaaaabb6666
78,28,Corina Miner,2018-07-27,2992229900223990000333378888837777455511817b4444555a111bbb466aaaaabb6666
78,29,Corina Miner,2018-07-27,09900099202079922223777788811333374881111a3b44448555aaabbb466555aabb6666
78,30,Corina Miner,2018-07-27,29922299002279900003777788811333374881111a3b44448555aaabbb466555aabb6666
78,31,Corina Miner,2018-07-27,09900099202039922223333788811377774881111a7b44448555aaabbb466555aabb6666
78,32,Corina Miner,2018-07-27,29922299002239900003333788811377774881111a7b44448555aaabbb466555aabb6666
78,33,Corina Miner,2018-07-27,099000992020799222237777111aa3333748811aaa3b4444881555abbb46688555bb6666
78,34,Corina Miner,2018-07-27,299222990022799000037777111aa3333748811aaa3b4444881555abbb46688555bb6666
78,35,Corina Miner,2018-07-27,099000992020399222233337111aa3777748811aaa7b4444881555abbb46688555bb6666
78,36,Corina Miner,2018-07-27,299222990022399000033337111aa3777748811aaa7b4444881555abbb46688555bb6666
78,37,Corina Miner,2018-07-27,099000992020799222237777aaaaa333374111a5553b44441811555bbb46688888bb6666
78,38,Corina Miner,2018-07-27,299222990022799000037777aaaaa333374111a5553b44441811555bbb46688888bb6666
78,39,Corina Miner,2018-07-27,099000992020399222233337aaaaa377774111a5557b44441811555bbb46688888bb6666
78,40,Corina Miner,2018-07-27,299222990022399000033337aaaaa377774111a5557b44441811555bbb46688888bb6666
78,41,Corina Miner,2018-07-27,099000992020799222237777aa555333374aaa55583b4444a111188bbb46611888bb6666
78,42,Corina Miner,2018-07-27,299222990022799000037777aa555333374aaa55583b4444a111188bbb46611888bb6666
78,43,Corina Miner,2018-07-27,099000992020399222233337aa555377774aaa55587b4444a111188bbb46611888bb6666
78,44,Corina Miner,2018-07-27,299222990022399000033337aa555377774aaa55587b4444a111188bbb46611888bb6666
78,45,Corina Miner,2018-07-27,09900099202079922223777755588333374a5551883b4444aaa1188bbb466aa111bb6666
78,46,Corina Miner,2018-07-27,29922299002279900003777755588333374a5551883b4444aaa1188bbb466aa111bb6666
78,47,Corina Miner,2018-07-27,09900099202039922223333755588377774a5551887b4444aaa1188bbb466aa111bb6666
78,48,Corina Miner,2018-07-27,29922299002239900003333755588377774a5551887b4444aaa1188bbb466aa111bb6666
79,1,Corina Miner,2016-03-28,880880003880202b33332222bbb35551111bb4665557711a4444666677aaa499999977aa
79,2,Corina Miner,2016-03-28,882882223882200b33330000bbb35551111bb4665557711a4444666677aaa499999977aa
79,3,Corina Miner,2018-07-11,888882223822200b33330000bbb35551111bb4665557711a4444666677aaa499999977aa
79,4,Corina Miner,2018-07-25,880880003880202b33332222bbb355577aabb46655577aaa444466667711a49999991111
79,5,Corina Miner,2018-07-25,882882223882200b33330000bbb355577aabb46655577aaa444466667711a49999991111
79,6,Corina Miner,2018-07-25,888882223822200b33330000bbb355577aabb46655577aaa444466667711a49999991111
80,1,Corina Miner,2018-07-03,555a5559baaa199bbbaa1199bb7771112928000077732222880044433336688844436666
81,1,Shiying Zheng,2018-07-15,5557555b97777bb998887bbb9988aa111140908aaa1144440002a2333346602222336666
82,1,Corina Miner,2018-07-28,888882223822299333377799630777111996600044411555660b04441a5556bbbbbaaaaa
82,2,Corina Miner,2018-07-28,882882223882299333377799630777111996600044411555660b04441a5556bbbbbaaaaa
83,1,Corina Miner,2018-07-28,29922299002249900004444b55533334bbba5553377711bbaaa8777111166aa888886666
83,2,Corina Miner,2018-07-28,09900099202049922224444b55533334bbba5553377711bbaaa8777111166aa888886666
83,3,Corina Miner,2018-07-28,29922299002249900004444b55577334bbba5557733311bbaaa8773111166aa888886666
83,4,Corina Miner,2018-07-28,09900099202049922224444b55577334bbba5557733311bbaaa8773111166aa888886666
83,5,Corina Miner,2018-07-28,29922299002249900004444b11117774bbba1177733555bbaaa8333355566aa888886666
83,6,Corina Miner,2018-07-28,09900099202049922224444b11117774bbba1177733555bbaaa8333355566aa888886666
83,7,Corina Miner,2018-07-28,29922299002249900004444b11113774bbba1133377555bbaaa8337755566aa888886666
83,8,Corina Miner,2018-07-28,09900099202049922224444b11113774bbba1133377555bbaaa8337755566aa888886666
83,9,Corina Miner,2018-07-28,29922299002249900004444baa888884bbbaaa83333555bba11777335556611117776666
83,10,Corina Miner,2018-07-28,09900099202049922224444baa888884bbbaaa83333555bba11777335556611117776666
83,11,Corina Miner,2018-07-28,29922299002249900004444baa888884bbbaaa83377555bba11333775556611113776666
83,12,Corina Miner,2018-07-28,09900099202049922224444baa888884bbbaaa83377555bba11333775556611113776666
83,13,Corina Miner,2018-07-28,29922299002249900004444b11115554bbba1166555773bbaaa8666677333aa888887733
83,14,Corina Miner,2018-07-28,09900099202049922224444b11115554bbba1166555773bbaaa8666677333aa888887733
83,15,Corina Miner,2018-07-28,29922299002249900004444b11115554bbba1166555777bbaaa8666633777aa888883333
83,16,Corina Miner,2018-07-28,09900099202049922224444b11115554bbba1166555777bbaaa8666633777aa888883333
83,17,Corina Miner,2018-07-28,29922299002249900004444baa888884bbbaaa86666773bba11665557733311115557733
83,18,Corina Miner,2018-07-28,09900099202049922224444baa888884bbbaaa86666773bba11665557733311115557733
83,19,Corina Miner,2018-07-28,29922299002249900004444baa888884bbbaaa86666777bba11665553377711115553333
83,20,Corina Miner,2018-07-28,09900099202049922224444baa888884bbbaaa86666777bba11665553377711115553333
84,1,Corina Miner,2018-08-02,111b1199bbb1a99bb7aaa4997777aa444408755533334000885553366202088866662222
84,2,Corina Miner,2018-08-02,111b1199bbb1a99bb7aaa4997777aa444428755533334222885553366002288866660000
85,1,Corina Miner,2018-08-03,288222880022884000094444111aa9945551171aaa995553667777ab9333366667bbbbb3
85,2,Corina Miner,2018-08-03,088000882020884222294444111aa9945551171aaa995553667777ab9333366667bbbbb3
85,3,Corina Miner,2018-08-03,888222880022284000094444111aa9945551171aaa995553667777ab9333366667bbbbb3
85,4,Corina Miner,2018-08-03,288222880022889000055599111aa5554991171aaa444493667777ab4333366667bbbbb3
85,5,Corina Miner,2018-08-03,088000882020889222255599111aa5554991171aaa444493667777ab4333366667bbbbb3
85,6,Corina Miner,2018-08-03,888222880022289000055599111aa5554991171aaa444493667777ab4333366667bbbbb3
85,7,Corina Miner,2018-08-03,288222880022884000094444677aa9945556677aaa995553667711ab9333361111bbbbb3
85,8,Corina Miner,2018-08-03,088000882020884222294444677aa9945556677aaa995553667711ab9333361111bbbbb3
85,9,Corina Miner,2018-08-03,888222880022284000094444677aa9945556677aaa995553667711ab9333361111bbbbb3
85,10,Corina Miner,2018-08-03,288222880022889000055599677aa5554996677aaa444493667711ab4333361111bbbbb3
85,11,Corina Miner,2018-08-03,088000882020889222255599677aa5554996677aaa444493667711ab4333361111bbbbb3
85,12,Corina Miner,2018-08-03,888222880022289000055599677aa5554996677aaa444493667711ab4333361111bbbbb3
85,13,Corina Miner,2018-08-03,288222880022884000094444aaaaa994555111a7779955531177766b9333316666bbbbb3
85,14,Corina Miner,2018-08-03,088000882020884222294444aaaaa994555111a7779955531177766b9333316666bbbbb3
85,15,Corina Miner,2018-08-03,888222880022284000094444aaaaa994555111a7779955531177766b9333316666bbbbb3
85,16,Corina Miner,2018-08-03,288222880022889000055599aaaaa555499111a7774444931177766b4333316666bbbbb3
85,17,Corina Miner,2018-08-03,088000882020889222255599aaaaa555499111a7774444931177766b4333316666bbbbb3
85,18,Corina Miner,2018-08-03,888222880022289000055599aaaaa555499111a7774444931177766b4333316666bbbbb3
85,19,Corina Miner,2018-08-03,288222880022884000094444aaaaa994555777a1119955536677711b9333366661bbbbb3
85,20,Corina Miner,2018-08-03,088000882020884222294444aaaaa994555777a1119955536677711b9333366661bbbbb3
85,21,Corina Miner,2018-08-03,888222880022284000094444aaaaa994555777a1119955536677711b9333366661bbbbb3
85,22,Corina Miner,2018-08-03,288222880022889000055599aaaaa555499777a1114444936677711b4333366661bbbbb3
85,23,Corina Miner,2018-08-03,088000882020889222255599aaaaa555499777a1114444936677711b4333366661bbbbb3
85,24,Corina Miner,2018-08-03,888222880022289000055599aaaaa555499777a1114444936677711b4333366661bbbbb3
85,25,Corina Miner,2018-08-03,288222880022884000094444aa776994555aaa7766995553a117766b9333311116bbbbb3
85,26,Corina Miner,2018-08-03,088000882020884222294444aa776994555aaa7766995553a117766b9333311116bbbbb3
85,27,Corina Miner,2018-08-03,888222880022284000094444aa776994555aaa7766995553a117766b9333311116bbbbb3
85,28,Corina Miner,2018-08-03,288222880022889000055599aa776555499aaa7766444493a117766b4333311116bbbbb3
85,29,Corina Miner,2018-08-03,088000882020889222255599aa776555499aaa7766444493a117766b4333311116bbbbb3
85,30,Corina Miner,2018-08-03,888222880022289000055599aa776555499aaa7766444493a117766b4333311116bbbbb3
85,31,Corina Miner,2018-08-03,288222880022884000094444aa111994555aaa1711995553a777766b9333376666bbbbb3
85,32,Corina Miner,2018-08-03,088000882020884222294444aa111994555aaa1711995553a777766b9333376666bbbbb3
85,33,Corina Miner,2018-08-03,888222880022284000094444aa111994555aaa1711995553a777766b9333376666bbbbb3
85,34,Corina Miner,2018-08-03,288222880022889000055599aa111555499aaa1711444493a777766b4333376666bbbbb3
85,35,Corina Miner,2018-08-03,088000882020889222255599aa111555499aaa1711444493a777766b4333376666bbbbb3
85,36,Corina Miner,2018-08-03,888222880022289000055599aa111555499aaa1711444493a777766b4333376666bbbbb3
85,37,Corina Miner,2018-08-03,28822288002288400009444476666994555a777766995553aaa1711b93333aa111bbbbb3
85,38,Corina Miner,2018-08-03,08800088202088422229444476666994555a777766995553aaa1711b93333aa111bbbbb3
85,39,Corina Miner,2018-08-03,88822288002228400009444476666994555a777766995553aaa1711b93333aa111bbbbb3
85,40,Corina Miner,2018-08-03,28822288002288900005559976666555499a777766444493aaa1711b43333aa111bbbbb3
85,41,Corina Miner,2018-08-03,08800088202088922225559976666555499a777766444493aaa1711b43333aa111bbbbb3
85,42,Corina Miner,2018-08-03,88822288002228900005559976666555499a777766444493aaa1711b43333aa111bbbbb3
85,43,Corina Miner,2018-08-03,28822288002288400009444411116994555a117766995553aaa7766b93333aa776bbbbb3
85,44,Corina Miner,2018-08-03,08800088202088422229444411116994555a117766995553aaa7766b93333aa776bbbbb3
85,45,Corina Miner,2018-08-03,88822288002228400009444411116994555a117766995553aaa7766b93333aa776bbbbb3
85,46,Corina Miner,2018-08-03,28822288002288900005559911116555499a117766444493aaa7766b43333aa776bbbbb3
85,47,Corina Miner,2018-08-03,08800088202088922225559911116555499a117766444493aaa7766b43333aa776bbbbb3
85,48,Corina Miner,2018-08-03,88822288002228900005559911116555499a117766444493aaa7766b43333aa776bbbbb3
85,49,Corina Miner,2018-08-03,288222880022884000094444666619945556677711995553777a111b93333aaaaabbbbb3
85,50,Corina Miner,2018-08-03,088000882020884222294444666619945556677711995553777a111b93333aaaaabbbbb3
85,51,Corina Miner,2018-08-03,888222880022284000094444666619945556677711995553777a111b93333aaaaabbbbb3
85,52,Corina Miner,2018-08-03,288222880022889000055599666615554996677711444493777a111b43333aaaaabbbbb3
85,53,Corina Miner,2018-08-03,088000882020889222255599666615554996677711444493777a111b43333aaaaabbbbb3
85,54,Corina Miner,2018-08-03,888222880022289000055599666615554996677711444493777a111b43333aaaaabbbbb3
85,55,Corina Miner,2018-08-03,288222880022884000094444166669945551177766995553111a777b93333aaaaabbbbb3
85,56,Corina Miner,2018-08-03,088000882020884222294444166669945551177766995553111a777b93333aaaaabbbbb3
85,57,Corina Miner,2018-08-03,888222880022284000094444166669945551177766995553111a777b93333aaaaabbbbb3
85,58,Corina Miner,2018-08-03,288222880022889000055599166665554991177766444493111a777b43333aaaaabbbbb3
85,59,Corina Miner,2018-08-03,088000882020889222255599166665554991177766444493111a777b43333aaaaabbbbb3
85,60,Corina Miner,2018-08-03,888222880022289000055599166665554991177766444493111a777b43333aaaaabbbbb3
85,61,Corina Miner,2018-08-03,28822288002288400009444466667994555667777a9955531171aaab93333111aabbbbb3
85,62,Corina Miner,2018-08-03,08800088202088422229444466667994555667777a9955531171aaab93333111aabbbbb3
85,63,Corina Miner,2018-08-03,88822288002228400009444466667994555667777a9955531171aaab93333111aabbbbb3
85,64,Corina Miner,2018-08-03,28822288002288900005559966667555499667777a4444931171aaab43333111aabbbbb3
85,65,Corina Miner,2018-08-03,08800088202088922225559966667555499667777a4444931171aaab43333111aabbbbb3
85,66,Corina Miner,2018-08-03,88822288002228900005559966667555499667777a4444931171aaab43333111aabbbbb3
85,67,Corina Miner,2018-08-03,28822288002288400009444461111994555667711a9955536677aaab93333677aabbbbb3
85,68,Corina Miner,2018-08-03,08800088202088422229444461111994555667711a9955536677aaab93333677aabbbbb3
85,69,Corina Miner,2018-08-03,88822288002228400009444461111994555667711a9955536677aaab93333677aabbbbb3
85,70,Corina Miner,2018-08-03,28822288002288900005559961111555499667711a4444936677aaab43333677aabbbbb3
85,71,Corina Miner,2018-08-03,08800088202088922225559961111555499667711a4444936677aaab43333677aabbbbb3
85,72,Corina Miner,2018-08-03,88822288002228900005559961111555499667711a4444936677aaab43333677aabbbbb3
85,73,Corina Miner,2018-08-03,288222880022884000094444111aa9947761131aaa997766333555ab9776633555bbbbb6
85,74,Corina Miner,2018-08-03,088000882020884222294444111aa9947761131aaa997766333555ab9776633555bbbbb6
85,75,Corina Miner,2018-08-03,888222880022284000094444111aa9947761131aaa997766333555ab9776633555bbbbb6
85,76,Corina Miner,2018-08-03,288222880022884000094444555aa9947763555aaa997766333311ab9776631111bbbbb6
85,77,Corina Miner,2018-08-03,088000882020884222294444555aa9947763555aaa997766333311ab9776631111bbbbb6
85,78,Corina Miner,2018-08-03,888222880022284000094444555aa9947763555aaa997766333311ab9776631111bbbbb6
85,79,Corina Miner,2018-08-03,288222880022884000094444aaaaa994776111a5559977661133555b9776613333bbbbb6
85,80,Corina Miner,2018-08-03,088000882020884222294444aaaaa994776111a5559977661133555b9776613333bbbbb6
85,81,Corina Miner,2018-08-03,888222880022284000094444aaaaa994776111a5559977661133555b9776613333bbbbb6
85,82,Corina Miner,2018-08-03,288222880022884000094444aaaaa994776555a1119977665553311b9776633331bbbbb6
85,83,Corina Miner,2018-08-03,088000882020884222294444aaaaa994776555a1119977665553311b9776633331bbbbb6
85,84,Corina Miner,2018-08-03,888222880022284000094444aaaaa994776555a1119977665553311b9776633331bbbbb6
85,85,Corina Miner,2018-08-03,288222880022884000094444aa555994776aaa5553997766a113333b9776611113bbbbb6
85,86,Corina Miner,2018-08-03,088000882020884222294444aa555994776aaa5553997766a113333b9776611113bbbbb6
85,87,Corina Miner,2018-08-03,888222880022284000094444aa555994776aaa5553997766a113333b9776611113bbbbb6
85,88,Corina Miner,2018-08-03,288222880022884000094444aa111994776aaa1311997766a555333b9776655533bbbbb6
85,89,Corina Miner,2018-08-03,088000882020884222294444aa111994776aaa1311997766a555333b9776655533bbbbb6
85,90,Corina Miner,2018-08-03,888222880022284000094444aa111994776aaa1311997766a555333b9776655533bbbbb6
85,91,Corina Miner,2018-08-03,28822288002288400009444455533994776a555333997766aaa1311b97766aa111bbbbb6
85,92,Corina Miner,2018-08-03,08800088202088422229444455533994776a555333997766aaa1311b97766aa111bbbbb6
85,93,Corina Miner,2018-08-03,88822288002228400009444455533994776a555333997766aaa1311b97766aa111bbbbb6
85,94,Corina Miner,2018-08-03,28822288002288400009444411113994776a113333997766aaa5553b97766aa555bbbbb6
85,95,Corina Miner,2018-08-03,08800088202088422229444411113994776a113333997766aaa5553b97766aa555bbbbb6
85,96,Corina Miner,2018-08-03,88822288002228400009444411113994776a113333997766aaa5553b97766aa555bbbbb6
85,97,Corina Miner,2018-08-03,288222880022884000094444333319947765553311997766555a111b97766aaaaabbbbb6
85,98,Corina Miner,2018-08-03,088000882020884222294444333319947765553311997766555a111b97766aaaaabbbbb6
85,99,Corina Miner,2018-08-03,888222880022284000094444333319947765553311997766555a111b97766aaaaabbbbb6
85,100,Corina Miner,2018-08-03,288222880022884000094444133339947761133555997766111a555b97766aaaaabbbbb6
85,101,Corina Miner,2018-08-03,088000882020884222294444133339947761133555997766111a555b97766aaaaabbbbb6
85,102,Corina Miner,2018-08-03,888222880022284000094444133339947761133555997766111a555b97766aaaaabbbbb6
85,103,Corina Miner,2018-08-03,28822288002288400009444431111994776333311a9977663555aaab97766555aabbbbb6
85,104,Corina Miner,2018-08-03,08800088202088422229444431111994776333311a9977663555aaab97766555aabbbbb6
85,105,Corina Miner,2018-08-03,88822288002228400009444431111994776333311a9977663555aaab97766555aabbbbb6
85,106,Corina Miner,2018-08-03,28822288002288400009444433555994776333555a9977661131aaab97766111aabbbbb6
85,107,Corina Miner,2018-08-03,08800088202088422229444433555994776333555a9977661131aaab97766111aabbbbb6
85,108,Corina Miner,2018-08-03,88822288002228400009444433555994776333555a9977661131aaab97766111aabbbbb6
86,1,Corina Miner,2018-08-04,222222001110000331199b77333199bb77688a399bbb776688aaa5554446688aa5554446
86,2,Corina Miner,2018-08-04,222222001110000113199b77333399bb77688a399bbb776688aaa5554446688aa5554446
86,3,Corina Miner,2018-08-04,222222009930000991333b77991133bb77688a111bbb776688aaa5554446688aa5554446
86,4,Corina Miner,2018-08-04,222222009930000993333b77991311bb77688a111bbb776688aaa5554446688aa5554446
86,5,Corina Miner,2018-08-04,222222005550000455599b77444499bb77688a499bbb776688aaa1111336688aa1133336
86,6,Corina Miner,2018-08-04,222222005550000455599b77444499bb77688a499bbb776688aaa1133336688aa1111336
86,7,Corina Miner,2018-08-04,222222009940000994444b77995554bb77688a555bbb776688aaa1111336688aa1133336
86,8,Corina Miner,2018-08-04,222222009940000994444b77995554bb77688a555bbb776688aaa1133336688aa1111336
86,9,Corina Miner,2018-08-04,222222001110000331199555333199b555488a399bbb444488aaabb77746688aa7776666
86,10,Corina Miner,2018-08-04,222222001110000113199555333399b555488a399bbb444488aaabb77746688aa7776666
86,11,Corina Miner,2018-08-04,222222009930000991333555991133b555488a111bbb444488aaabb77746688aa7776666
86,12,Corina Miner,2018-08-04,222222009930000993333555991311b555488a111bbb444488aaabb77746688aa7776666
86,13,Corina Miner,2018-08-04,222222005550000455599111444499b131188a499bbb333388aaabb77736688aa7776666
86,14,Corina Miner,2018-08-04,222222005550000455599111444499b113388a499bbb133388aaabb77736688aa7776666
86,15,Corina Miner,2018-08-04,222222009940000994444111995554b131188a555bbb333388aaabb77736688aa7776666
86,16,Corina Miner,2018-08-04,222222009940000994444111995554b113388a555bbb133388aaabb77736688aa7776666
87,1,Corina Miner,2018-08-04,baabbaaabbb11a1900001114993007744449933337784555923266778855522226666888
88,1,Corina Miner,2018-08-05,1111171b7777abb272aaabbb2222aa888885554443333080555444663300099999966660
88,2,Corina Miner,2018-08-05,1111171b7777abb272aaabbb2222aa888005554448830000555444833336699999936666
88,3,Corina Miner,2018-08-05,1111171b7777abb272aaabbb2222aa000065554448800366555444883336699999988336
88,4,Corina Miner,2018-08-05,1111171b7777abb272aaabbb2222aa066665554440003366555444080333399999988888
88,5,Corina Miner,2018-08-05,1111171b7777abb272aaabbb2222aa666635554446633338555444000038899999900888
88,6,Corina Miner,2018-08-05,1111171b7777abb272aaabbb2222aa633885554446633388555444663008899999960000
88,7,Corina Miner,2018-08-05,1111171b7777abb272aaabbb2222aa888885554440803333555444000336699999906666
88,8,Corina Miner,2018-08-05,1111171b7777abb272aaabbb2222aa883365554448833366555444880036699999900006
88,9,Corina Miner,2018-08-05,1111171b7777abb272aaabbb2222aa366665554448333366555444883000099999988800
88,10,Corina Miner,2018-08-05,1111171b7777abb272aaabbb2222aa666605554446633000555444333308099999988888
88,11,Corina Miner,2018-08-05,1111171b7777abb272aaabbb2222aa600005554446630088555444663338899999963388
88,12,Corina Miner,2018-08-05,1111171b7777abb272aaabbb2222aa008885554440000388555444663333899999966663
88,13,Corina Miner,2018-08-05,11111718777788b272888bbb2222aaaaabb5554440a03333555444000336699999906666
88,14,Corina Miner,2018-08-05,111117167777a66272aaa66b2222aa06bbb55544400033bb555444080333399999988888
88,15,Corina Miner,2018-08-05,111117167777a66272aaa66b2222aa36bbb55544483333bb555444883000099999988800
89,1,Evelyn Fogel,2018-08-11,88888555987555b9947777bb99444427bbba911142223333aaa1100223366aa100006666
89,2,Evelyn Fogel,2018-08-11,88888555987555b9947777bb99444407bbba911140003333aaa1120203366aa122226666
89,3,Corina Miner,2018-08-12,aa1aaa119a7111b9947777bb99444427bbb8955542223333885550022336688800006666
89,4,Corina Miner,2018-08-12,aa1aaa119a7111b9947777bb99444407bbb8955540003333885552020336688822226666
89,5,Corina Miner,2018-08-12,aa1aaa118a7111b9887777bb99488827bbb9944442223333955540022336655500006666
89,6,Corina Miner,2018-08-12,aa1aaa118a7111b9887777bb99488807bbb9944440003333955542020336655522226666
90,1,Corina Miner,2018-08-12,aabaaabb8a11bbb988111100994888300009944443333777955542327776655522226666
90,2,Corina Miner,2018-08-12,aabaaabb9a11bbb994111100994444300008955543333777885552327776688822226666
91,1,Corina Miner,2018-08-12,77b977bb9977bbb9933111004933311000044442321555886642222a555886666aaaaa88
92,1,Dan Halperin,2018-08-16,99299222997722a55577aaa0455577aa000444433b110108664333bb1118866663bbb888
92,2,Dan Halperin,2018-08-16,55595557997777a99272aaa0492222aa000444433b110108664333bb1118866663bbb888
93,1,Corina Miner,2018-08-16,222002220000b996666bbb996673333bb99777733aaaaa1175554448a111155544488888
93,2,Corina Miner,2018-08-17,99b99bbb99bb22266662220066733330000777733aaaaa1175554448a111155544488888
93,3,Corina Miner,2018-08-17,99b99bbb99222bb66662220066733330000777733aaaaa1175554448a111155544488888
93,4,Corina Miner,2018-08-17,b99bbb99bb2229966662220066733330000777733aaaaa1175554448a111155544488888
93,5,Corina Miner,2018-08-17,222002220000b996666bbb996674448bb99777744488888a7555331111aaa555333311aa
93,6,Corina Miner,2018-08-17,99b99bbb99bb22266662220066744480000777744488888a7555331111aaa555333311aa
93,7,Corina Miner,2018-08-17,99b99bbb99222bb66662220066744480000777744488888a7555331111aaa555333311aa
93,8,Corina Miner,2018-08-17,b99bbb99bb2229966662220066744480000777744488888a7555331111aaa555333311aa
93,9,Corina Miner,2018-08-17,222002220000b996666bbb996674448bb99777744488888a7555333311aaa555331111aa
93,10,Corina Miner,2018-08-17,99b99bbb99bb22266662220066744480000777744488888a7555333311aaa555331111aa
93,11,Corina Miner,2018-08-17,99b99bbb99222bb66662220066744480000777744488888a7555333311aaa555331111aa
93,12,Corina Miner,2018-08-17,b99bbb99bb2229966662220066744480000777744488888a7555333311aaa555331111aa
94,1,Corina Miner,2018-08-18,111117197777499272444499222234880965553338800066555a33880b066aaaaabbbbb6
94,2,Corina Miner,2018-08-18,111117197777499272444499222234088965553330008866555a330b08866aaaaabbbbb6
95,1,Corina Miner,2018-08-19,55595554b994444bbb994888bb7779111883333a777110806633aaa2120006666aa22220
95,2,Corina Miner,2018-08-19,55595554b994444bbb994888bb777911188aaaaa7771108066a333321200066663322220
96,1,Corina Miner,2018-08-23,88888111381121233332222463aa77b444466aaa77bb455566a0077bbb55560000999999
96,2,Corina Miner,2018-08-23,88888222382221133331111463aa77b444466aaa77bb455566a0077bbb55560000999999
96,3,Corina Miner,2018-08-23,88288222388221133331111463aa77b444466aaa77bb455566a0077bbb55560000999999
96,4,Corina Miner,2018-08-23,88888111381121233332222b63aa77bbbbb66aaa7744455566a007744455560000999999
96,5,Corina Miner,2018-08-23,88888222382221133331111b63aa77bbbbb66aaa7744455566a007744455560000999999
96,6,Corina Miner,2018-08-23,88288222388221133331111b63aa77bbbbb66aaa7744455566a007744455560000999999
96,7,Corina Miner,2018-08-23,88888111381121b3333222bb63aa7722bbb66aaa7744455566a007744455560000999999
97,1,Corina Miner,2018-08-23,88888555982555499222444499a22334776090aaa3337766000baa31177660bbbbb11116
97,2,Corina Miner,2018-08-23,88888555982555499222444499a22334111090aaa3331711000baa37777660bbbbb76666
98,1,Corina Miner,2018-08-23,55525554222444492277488899aa7788b3399aaa778bb33391a1100bbb36611100006666
99,1,Corina Miner,2018-08-27,222222991111499b11444499bbbbb47770088888777a0000855533aaaaa6655533336666
99,2,Corina Miner,2018-08-27,111211992221499b22444499bbbbb47770088888777a0000855533aaaaa6655533336666
99,3,Corina Miner,2018-08-28,222222991111499b11444499bbbbb4aaaaa888880000a777855533007776655533336666
99,4,Corina Miner,2018-08-28,111211992221499b22444499bbbbb4aaaaa888880000a777855533007776655533336666
100,1,Corina Miner,2018-08-29,222992229980000998840033688844443336677b114135556677bb111a555677bbbaaaaa
100,2,Corina Miner,2018-08-29,222332223330000555340099655544448996677b114188996677bb111a888677bbbaaaaa
100,3,Corina Miner,2018-08-29,222992229980000998860033488866773334444b667735551141bb677a555111bbbaaaaa
100,4,Corina Miner,2018-08-29,222332223330000555360099455566778994444b667788991141bb677a888111bbbaaaaa
101,1,Dan Halperin,2018-09-06,9aa99aaa99222a48922244446888880403366775550003336677555b01311677bbbbb111
102,1,Dan Halperin,2018-09-06,5553555b3333bbb73aaaaabb47777a888884444272800111664222200001166669999991
102,2,Dan Halperin,2018-09-06,5553555b3333bbb43aaaaabb44442a888887774222800111667772200001166669999991
103,1,Corina Miner,2018-09-13,11111212aa22224aaa0044446a90000477766b998877755566bb9988335556bbb9883333
103,2,Corina Miner,2018-09-13,22222211aa11114aaa0044446a90000477766b998877755566bb9988335556bbb9883333
103,3,Corina Miner,2018-09-13,11111212aa22224aaa004444ba900004777bbb998877755566bb99883355566669883333
103,4,Corina Miner,2018-09-13,22222211aa11114aaa004444ba900004777bbb998877755566bb99883355566669883333
104,1,Dan Halperin,2018-09-13,88899b8899bb08099bbb000266667330222667777333322a1171444555aaa111444555aa
104,2,Dan Halperin,2018-09-13,88899b8899bb08099bbb000261111330222667711333322a6677444555aaa677444555aa
105,1,Corina Miner,2018-09-13,11191b1199bbb0099bb30000692223333aa6622277388aaa664447788555a64447788555
105,2,Corina Miner,2018-09-13,11191b1199bbb0099bb30000692223333aa6677222388aaa667744488555a67744488555
105,3,Corina Miner,2018-09-14,5559555b99111bb991131bbb692223333aa6622277300aaa664447700008a64447788888
105,4,Corina Miner,2018-09-14,5559555b99111bb991131bbb692223333aa6677222300aaa667744400008a67744488888
106,1,Corina Miner,2018-09-16,111331193331b9955536bb99755566bbb90a777766444000aaa2726444080aa222288888
106,2,Corina Miner,2018-09-16,111113193333b9955536bb99755566bbb90a777766444000aaa2726444080aa222288888
106,3,Corina Miner,2018-09-16,555355591333b9911336bb99711166bbb90a777766444000aaa2726444080aa222288888
106,4,Corina Miner,2018-09-16,555355593333b9913116bb99711166bbb90a777766444000aaa2726444080aa222288888
107,1,Corina Miner,2018-09-16,22200222000049911144449911b1347779988bbb3333777a8866bb3555aaa886666555aa
107,2,Corina Miner,2018-09-16,222002220000499111444499116134777998866b3333777a8866bb3555aaa886bbb555aa
108,1,Corina Miner,2018-09-20,b33bb333bbb35551444a555011444aaa0008111777aa0202887776666222288866999999
108,2,Corina Miner,2018-09-21,2220022200005551444a555b11444aaabbb8111777aa33bb887776666333388866999999
109,1,Corina Miner,2018-09-21,111110109770002997760222994776622aa3944446688aaa33334b688555a3bbbbb88555
109,2,Corina Miner,2018-09-21,111112129772222997760000994776600aa3944446688aaa33334b688555a3bbbbb88555
110,1,Ari Fogel,2018-09-22,88888111481191b444499bbb222499aa7bb222009aaa7777660000a33555766663333555
110,2,Corina Miner,2018-09-23,88888111481191b444499bbb222499bb7aa2220097777aaa660000733555a66663333555
111,1,Corina Miner,2018-09-25,33b333bb8813bbb88110000268811100222665554447722a6655544477aaa699999977aa
111,2,Corina Miner,2018-09-25,33b333bb8813bbb88110000268811100222669999997722a6644455577aaa644455577aa
112,1,Corina Miner,2018-09-25,111b1177bbb1776bb33a776688333aaa6628855534aa6222885554444002299999940000
112,2,Corina Miner,2018-09-25,111b1177bbb1776bb33a776688333aaa6608855534aa6000885554444202099999942222
112,3,Corina Miner,2018-09-25,22222277666677b6633a77bb88333aaabbb8855534aa1111885554444001199999940000
113,1,Corina Miner,2018-09-25,88855588b555089bb7700099bbb77020299333377422229a6633444411aaa666641111aa
113,2,Corina Miner,2018-09-25,88855588b555289bb7722299bbb77220099333377400009a6633444411aaa666641111aa
114,1,Corina Miner,2018-09-25,099000992020699422226633444477663331114a7768355511aaa77b885551aabbbbb888
114,2,Corina Miner,2018-09-25,0990009920206994222266334444776633355548776a31115558877baaa11888bbbbbaa1
115,1,Corina Miner,2018-10-01,22299222990000b996600bbb666684447bba888884447777aaa5553333117aa555331111
115,2,Corina Miner,2018-10-01,22299222990000b996600bbb666684447bba888884447777aaa5553311117aa555333311
115,3,Corina Miner,2018-10-01,22299222990000b996600bbb666684447bba888884447777aaa1133335557aa111133555
115,4,Corina Miner,2018-10-01,22299222990000b996600bbb666684447bba888884447777aaa1111335557aa113333555
115,5,Corina Miner,2018-10-01,22299222990000b997700bbb555774446bba555774446688aaa1133336688aa111133688
115,6,Corina Miner,2018-10-01,22299222990000b997700bbb555774446bba555774446688aaa1111336688aa113333688
116,1,Corina Miner,2018-10-01,33633366b993660bbb996000555bb9904018555777444411887772224a111888222aaaaa
117,1,Corina Miner,2018-10-01,222882228855577388555779333346677990304444666699000b4aaaaa1190bbbbba1111
117,2,Corina Miner,2018-10-01,222992229955533997555333777746638880704444666688000b4aaaaa1180bbbbba1111